,Name,Stay Description
0,Flat in Hyderabad,Sai Nilayam 1BHK Near AIG Hospital
1,Private room in Hyderabad,Yarnville Room 6 with non-attached bath
2,Farm stay in Hyderabad,Aira Farm Retreat
3,Apartment in Hyderabad,LEMON HAUS - 3BHK Near Banjara Hills
4,Apartment in Hyderabad,URBAN HAUS - New 2-Bedroom Apartment
5,Apartment in Hyderabad,CENTRALLY LOCATED DESIGNER 3 BR APARTMENT!
6,Private room in Hyderabad,Cheerful studio room with kitchenette & workspace.
7,Private room in Hyderabad,Private room for women in beautiful apt.
8,Flat in Madhapur,Studio Flat with kitchen and Portico
9,Hotel room in Hyderabad,Super Cozy luxury room in a Boutique Hotel.
10,Flat in Hyderabad,Urban Nest-3BH @ Financial District (1st FLOOR)
11,Private room in Hyderabad,"Studio room with high speed wifi, ups&freeparking."
12,Home in Hyderabad,Luxury 1 Bedroom Private Suite with Tub
13,Private room in Secunderabad,Sevakunj 1
14,Private room in Hyderabad,1 room in spacious apt. in -Hitech City
15,Apartment in Shivarampally Jagir,Affordable Luxury Suite close to Airport & Attapur
16,Farm stay in Hyderabad,Mango orchard Farm house 1BR & big hall for events
17,Private room in Secunderabad,Work Arena
18,Private room in Hyderabad,Private room for women in beautiful apt.
19,Apartment in Hyderabad,Modern 3BHK Penthouse with Private Terrace
20,Flat in Miyapur,Vrt service apartment
21,Flat in Hyderabad,Urban Nest-3BH @ Financial District (1st FLOOR)
22,Apartment in Shivarampally Jagir,Affordable Luxury Suite close to Airport & Attapur
23,Guest house in Hyderabad,BMS Guest House - 2 BHK Lux Ac Only For Family’s
24,Apartment in Hyderabad,ZEN HAUS - Modern 2BHK Apartment
25,Flat in Upperpally,Luxury Stay: 3BR Fully Equipped Haven (Central)
26,Private room in Manikonda Jagir,"Private room at Manikonda, Lanco hills, Room-203"
27,Holiday home in Hyderabad,Cozy 3 bhk A/C home @ wipro circle
28,Flat in Hyderabad,WEST FRONT Lavish Studio
29,Farm stay in Hyderabad,Farm House Stay with Swimming Pool and Greenery
30,Home in Hyderabad,Family&PetFriendly 5BHK With Jacuzzi @BanjaraHills
31,Home in Hyderabad,Luxury 1 Bedroom Private Suite with Tub
32,Home in Hyderabad,A convenient home stay in city centre
33,Flat in Hyderabad,Urban Nest - 2BHK Serviced Apartments
34,Apartment in Hyderabad,"Luxury Duplex - Rooftop Lawn, Hill View, Fire Camp"
35,Hotel room in Hyderabad,Super Cozy luxury room in a Boutique Hotel.
36,Apartment in Shivarampally Jagir,Luxurious 2BHK @ Attapur P#258
37,Home in Secunderabad,Beautiful 2BHK  centrally located  secundrabad.
38,Flat in Hyderabad,Sai Nilayam 1BHK Near AIG Hospital
39,Farm stay in Kanakamamidi,Mangowoods Serenity
40,Flat in Hyderabad,Urban Nest-3BH @ Financial District (2nd Floor)
41,Home in Balapur,Modern 3 BHK Duplex House with NRI amenities
42,Farm stay in Hyderabad,Neem Tree Farms - 4BR Pool Villa
43,Private room in banjarahills,Budget Room With Breakfast and Wifi
44,Flat in Madhapur,Studio Flat with kitchen and Portico
45,Villa in Hyderabad,MANGOWOODS DESTINY WITH PRIVATE POOL
46,Villa in Kanakamamidi,V R Farms Exotic Villa
47,Home in Hyderabad,Modern 2 BHK unit in the heart of Hyderabad city
48,Farm stay in Hyderabad,Mango orchard Farm house 1BR & big hall for events
49,Private room in Nanakaramguda,Private Bedroom & Attached Bathroom With Amenities
50,Apartment in Hyderabad,CLASSIC HAUS - Brand New 3BHK Apartment
51,Farm stay in Ranga Reddy,Wooden cottage with excellent view towords forest
52,Flat in Hyderabad,beautiful cozy 2bhk
53,Private room in Hyderabad,AIRPORT TRAVELLERS STAY  PRIVATE/SHARED ROOMS
54,Flat in Hyderabad,"Happy Homely,Peaceful Place with a garden view"
55,Home in Secunderabad,"Next to Metro, Quaint 1 BHK with AC and parking."
56,Flat in Hyderabad,1 Bedroom Apartment
57,Hotel room in Hyderabad,West front short and long term stayss
58,Flat in Madhapur,WEST FRONT Shaakya Lavishh Three bhk flats
59,Flat in Hyderabad,A studio penthouse with a spacious room and bath.
60,Private room in Secunderabad,Relax at Shanthi Ville
61,Flat in Hyderabad,Valley House 2BHK Apartment at Attapur pillar #258
62,Holiday home in Secunderabad,Lovely 1 Bedroom Holiday Home with free parking….
63,Private room in Hyderabad,luxury apartment
64,Private room in Madhapur,Lovely Studio Flat with kitchen and balcony
65,Private room in Hyderabad,"Studio room with high speed wifi, ups&freeparking."
66,Flat in Madhapur,WEST FRONT Shaakya Lavish Three Bhk flats
67,Villa in Secunderabad,Entire 3 Bhk Duplex house with terrace garden.
68,Flat in Hyderabad,"Service Apartment @Madhapur, Couple Fiendly"
69,Home in Hyderabad,A Cozy 3 BHK home away from home
70,Holiday home in Hyderabad,PentHouse 1BHk+A BIG AC hall @WiproCircle
71,Flat in Kokapet,VOILA AT NEST - 2 BHK Service Apartment in Kokapet
72,Private room in Hyderabad,Private room in Jubilee Hills
73,Flat in Madhapur,Comfortable & spacious Studio Flat
74,Private room in Shankarpalle,Chitturi Farms
75,Home in Hyderabad,DestinationHomes-LiveScreen-Ameerpet
76,Apartment in Taranagar,OurHome
77,Villa in Hyderabad,Lavish independent house
78,Home in Hyderabad,Syna Amado - 6BR Luxury Pool Villa
79,Private room in Hyderabad,Western Suites Luxury Studio Apartment.
80,Private room in Kondapur,The Garden Square
81,Home in Badangpet,2BHK  House fully furnished @ Hyd Airport
82,Home in Hyderabad,"Spacious & Private 2BHK in  groundfloor, Hyderabad"
83,Apartment in Hyderabad,MODERN HAUS - 3BHK Near Banjara Hills
84,Apartment in Hyderabad,TEAK HAUS - New 2BHK Near Banjara Hills
85,Home in Hyderabad,Syna Farms - Heritage
86,Private room in Upperpally,Deccan Stay Suite Room connected to Airport
87,Flat in Madhapur,WEST FRONT Shaakya Lavish Three Bhk flats.
88,Flat in Madhapur,WEST FRONT SHAAKYA Lavish three  bhk flats..
89,Private room in Nanakaramguda,Private Room In Luxurious Community With Amenities
90,Flat in Hyderabad,Spacious 3bhk flat in Kompally
91,Private room in Hyderabad,Banjara Hills Temple view Stays
92,Private room in Hyderabad,"Homely stay, prime location, 100 Mtr to Metro,"
93,Apartment in Hyderabad,Huge 3BHK Doctor Owned Flat in the Heart Hyderabad
94,Flat in Hyderabad,Heart of the City
95,Flat in Hyderabad,West Front lavish studio apartment...
96,Bungalow in Hyderabad,The Wow Villa by A&A
97,Guest suite in Hyderabad,"2 Bedroom Suite, Banjara Hills, Stone Home"
98,Private room in Hyderabad,Urban Nest - Penthouse @ Financial District
99,Apartment in Shivarampally Jagir,"Valley House 1 - Luxurious 2BHK at P#258,Attapur"
100,Private room in Hyderabad,Quiet forested retreat Jubilee Hills
101,Private room in Hyderabad,Yarnville Room 4 with non-attached bath
102,Flat in Hyderabad,2Bhk with 1AC@Aaria Airport Residency Shamshabad
103,Private room in Ahmedabad,Single room on the terrace
104,Private room in Hyderabad,IRIS AT NEST - Luxurious Double Twin Room
105,Home in Hyderabad,"PentHouse -2BHK A/C SR Nagar, Hyderabad"
106,Hotel room in Hyderabad,Hotel NS Royal Emirates
107,Apartment in Hyderabad,Delightful 3BR – Cinnamon House
108,Private room in Hyderabad,Yarnville Room 5 with attached bath
109,Hotel room in Kokapet,Urban Nest - New Luxury Rooms (502)
110,Guest house in Hyderabad,4 BHK LUXURIOUS APARTMENT
111,Villa in Hyderabad,A place where you can chill & do small party's
112,Apartment in Hyderabad,CENTRALLY LOCATED DESIGNER 3 BR APARTMENT!
113,Apartment in Pokalwada,Happy Homes- 1 BHK AC 4th floor No Lift
114,Townhouse in Hyderabad,"4-BHK, Pent House, Banjara Hills, Stone Home"
115,Farm stay in Hyderabad,The Flight View Farm - Shamshabad
116,Private room in Secunderabad,Puppala house
117,Villa in Hyderabad ,5StarResidential's-NearAIG-HitechCity4BHKA/CVilla
118,Flat in Kondapur,3 Bedroom luxurious apartment
119,Private room in Hyderabad,"Couple friendly Private room
@AnbavinchuRajaheight"
120,Home in Medchal-Malkajgiri,Serviced Villa near ORR
121,Flat in Hyderabad,Stupendous 3 bhk apartment.
122,Flat in Hyderabad,Happy Homes- Decent Airy & Comfortable 2BHK AC
123,Flat in Hyderabad,Comfortable studio in central Madhapur
124,Apartment in Kohtaguda,Elegantly furnished spacious 3 BHK apartment
125,Hotel room in Hyderabad,TEE HOTELS
126,Apartment in Kohtaguda,Elegantly furnished spacious 3 BHK apartment
127,Home in Hyderabad,DestinationHomes-LiveScreen-Ameerpet
128,Private room in Secunderabad,House is located in a peaceful society
129,Flat in Madhapur,WEST FRONT Shaakya Lavish Three Bhk flats.
130,Hotel room in Hyderabad,1Bedroom hotel with free parking in center of city
131,Hotel room in Hyderabad,Family  Rooms @ Hitech city Near Fresh living Apar
132,Home in Hyderabad,"1-SIDDHI VILLA  1BHK  A/C, WIFI"
133,Apartment in Hyderabad,Near US Consulate & Passport ofc
134,Flat in Hyderabad,AMBER HAUS - Brand New 3BHK Apartment
135,Flat in Kondapur,Modern Cozy Getaway
136,Villa in Kanakamamidi,V R Farms Exotic Villa
137,Flat in Hyderabad,"BluO 1BHK Gachibowli - Lift, Terrace Garden"
138,Home in Hyderabad,"kishore's safe,neat and beautiful place."
139,Villa in Secunderabad,Entire 3 Bhk Duplex house with terrace garden.
140,Apartment in Hyderabad,NAVY HAUS - New 2-Bedroom Apartment
141,Flat in Hyderabad,CENTRALLY LOCATED LUXURIOUS 3 BEDROOM PENTHOUSE!
142,Flat in Hyderabad,The Emerald - 2BHK in Banjara Hills
143,Holiday home in Secunderabad,Lovely 1 Bedroom Holiday Home with free parking….
144,Flat in Hyderabad,1 Bedroom Apartment
145,Flat in Hyderabad,"Entire apartment 3 BR ,Inviting,Clean & Sanitized."
146,Home in Sajjanpalle,Duplex with a Private Pool.
147,Flat in Hyderabad,Entire flat near to microsoft sohini Tech Park.
148,Flat in Hyderabad,Luxurious Serene & Charming Entire 3 BR Apartment
149,Private room in Hyderabad,Banjara Hills Temple view Stays
150,Private room in Hyderabad,"Couple friendly Private room
@AnbavinchuRajaheight"
151,Private room in West marredpally,1 Modern  clean apartment on 5th floor. 1
152,Home in Hyderabad,"2nd floor Flat- Spacious Hall , kitchen , Bedroom."
153,Apartment in Hyderabad,Lovely4 bedroom furnished apt ideal fr small party
154,Home in Badangpet,2BHK  House fully furnished @ Hyd Airport
155,Private room in Hyderabad,"DSR Wooden Cottages, KPHB15 phase (HOME 1)"
156,Holiday home in Hyderabad,2 BHK Home in KPHB in Peaceful Location
157,Home in Secunderabad,THE MAJESTIC SUITE | KING BEDS | FREE PARKING |
158,Apartment in Hyderabad,POP HAUS - 3BHK Near Banjara Hills
159,Private room in Manikonda Jagir,Rooms near Wellsfargo
160,Private room in Hyderabad,"1 bedroom with private bathroom, balcony and breakfast with pool  and gym available."
161,Flat in Madhapur,WEST FRONT SHAAKYA Lavish three  bhk flats..
162,Private room in Hyderabad,Merge Stay’s - Cozy Pvt Room
163,Apartment in Hyderabad,"VIBE HAUS - New 3BHK on Road No. 12, Banjara Hills"
164,Apartment in Pokalwada,Happy Homes- 1 BHK AC 4th floor No Lift
165,Bungalow in Madhapur,1 Room & kitchen top floor with private entrance
166,Hotel room in Hyderabad,The Rose Residency Inn
167,Home in Peeramcheru,Shalom Home 3
168,Private room in Hyderabad,standard Room with breakfast in zencomforts
169,Hotel room in Kokapet,Urban Nest - New Luxury Rooms (101)
170,Flat in Kondapur,3 Bedroom luxurious apartment
171,Apartment in Hyderabad,BIRCH HAUS - New 2BHK Apartment
172,Hotel room in Kokapet,Urban Nest - New Luxury Rooms (507)
173,Flat in Hyderabad,1 BED ROOM APARTMENT
174,Private room in Hyderabad,Sylvan room with garden Jubilee Hills
175,Private room in Hyderabad,Lovely 1 Private Bedroom #101 on Rent
176,Private room in Gachibowli,Misty Lake Guest House
177,Private room in Hyderabad,Yarnville Room 4 with non-attached bath
178,Private room in Nanakaramguda,near  wipro circle Nankramaguda
179,Apartment in Secunderabad,Home away from home 2
180,Apartment in Hyderabad,Luxurious 3bhk Penthouse near Yashoda Hospital sec
181,Flat in Hyderabad,Yours Next Home@Toli Chowki @ Hyderabad
182,Flat in Kondapur,Lovely 2 Bedroom unit designed to Perfection!
183,Apartment in Hyderabad,RESTEL Luxury Flat with microwave
184,Flat in banjarahills,3BHK Apartment In Banjara Hills
185,Private room in Nanakaramguda,Springs Forever-Fully equipped Home away from home
186,Flat in Hyderabad,Urban Nest - 2BHK Serviced Apartments
187,Flat in Hyderabad,Urban Nest - 2BHK Serviced Apartments
188,Flat in Hyderabad,premium apartment near Hitex!
189,Flat in Hyderabad,Studio Flat with Kitchen ( Restel Studio)
190,Flat in Hyderabad,2Bhk with 1AC@Aaria Airport Residency Shamshabad
191,Flat in Hyderabad,Luxury studio apartment
192,Flat in Hyderabad,Serene Casa
193,Flat in Hyderabad,Entire 3bhk  centrally located in Kukatpally Y Jn.
194,Private room in Hyderabad,IRIS@Nest - Luxurious Double King rooms
195,Flat in Hyderabad,Happy Homes- Decent Airy & Comfortable 2BHK AC
196,Home in Hyderabad,"4-BHK, Banjara Hills, Luxurious House, Stone Home"
197,Flat in Hyderabad,Premium 3BHK at Hitech City
